Date,Source_File,Entity_Type,Entity_ID,Activity_Name,Full_Description,Related_Project,Related_Milestone,Department,Priority,Category,Tags
2025-12-21,211225_PROCESSED.md,MLT,MLT-029,Search Query System,Search Query System,PRT-011,,AI,High,Milestone,
2025-12-21,211225_PROCESSED.md,MLT,MLT-030,Scraper Automation,Scraper Automation,PRT-011,,AI,High,Milestone,
2025-12-21,211225_PROCESSED.md,MLT,MLT-031,Data Processing,Data Processing,PRT-011,,AI,High,Milestone,
2025-12-21,211225_PROCESSED.md,MLT,MLT-032,CRM Integration,CRM Integration,PRT-011,,AI,High,Milestone,CRM
2025-12-21,211225_PROCESSED.md,MLT,MLT-033,Testing & Analytics,Testing & Analytics,PRT-011,,AI,High,Milestone,
2025-12-21,211225_PROCESSED.md,MLT,MLT-034,Company & Reviews Data Collection,Company & Reviews Data Collection,PRT-012,,AI,High,Milestone,
2025-12-21,211225_PROCESSED.md,MLT,MLT-035,Semantic Analysis Setup,Semantic Analysis Setup,PRT-012,,AI,High,Milestone,
2025-12-21,211225_PROCESSED.md,MLT,MLT-036,Problem Score Algorithm,Problem Score Algorithm,PRT-012,,AI,High,Milestone,
2025-12-21,211225_PROCESSED.md,MLT,MLT-037,Recommendation Engine,Recommendation Engine,PRT-012,,AI,High,Milestone,
2025-12-21,211225_PROCESSED.md,MLT,MLT-038,Social Media Integration,Social Media Integration,PRT-012,,AI,High,Milestone,
2025-12-21,211225_PROCESSED.md,MLT,MLT-039,Source Tracking & Documentation,Source Tracking & Documentation,PRT-012,,AI,High,Milestone,
