Date,Department,Department_Code,Employee,Activity_Name,Entity_Type,Entity_ID,Priority,Status,Time_Hours,Confidence,Objective,Actions_Taken,Key_Results
2025-11-20,AI,AID,Team,Antigravity Installation and Configuration,TSK,TSK-AID-2025-11-20-001,High,Completed,2.0,95,Install and configure Antigravity (Google's IDE) for Design department team members,"Installed Antigravity IDE (Google's VS Code/Cursor alternative); Configured Gemini 3 Pro model access (newest, most advanced model); Set up Claude extension availability",✅ Antigravity installed and configured for Design department; ✅ Gemini 3 Pro model accessible; ✅ Claude extension available for installation
2025-11-20,AI,AID,Team,Attendants Automation Infrastructure Setup,PRT,TSK-AID-2025-11-20-002,High,Completed,3.0,90,Create complete automation infrastructure for consolidating Discord merch reports and CRM reports into Google Sheets,"Created detailed automation plan using AI chat assistant; Passed plan to Antigravity for project file generation; Created Google Cloud project ""attendants"" on admin account",✅ Google Cloud project created; ✅ Service account configured; ✅ Service account key obtained
2025-11-20,AI,AID,Team,Daily File Processing and Documentation,TSK,TSK-AID-2025-11-20-003,Medium,Completed,1.0,95,Process daily.md transcript and generate structured plans.md and tasks.md files,"Processed daily.md file containing Antigravity installation transcript; Extracted participants, projects, tools, and action items; Created plans.md with prioritized action items (High/Medium/Low)","✅ plans.md created with 8 prioritized action items; ✅ tasks.md created with 6 detailed task breakdowns; ✅ All tasks include steps, resources, links, and execution instructions"
2025-11-20,AI,AID,Team,Account Microservice Database Schema Design,TSK,TSK-AID-2025-11-20-004,High,Completed,2.0,90,Design complete database schema for account management microservice with tool subscriptions and payments,Analyzed account-management-microservice-structure.plan copy.md; Extracted account-related sections and polymorphic relationships; Designed new schema for tool storage (JSONB array + account_tools table),✅ account-microservice-accounts-plan.md created; ✅ Complete database schema designed; ✅ Tool subscriptions model integrated
2025-11-20,AI,AID,Team,Account Microservice Schema Refinement,TSK,TSK-AID-2025-11-20-005,Medium,Completed,1.5,95,Refine account microservice schema based on feedback and requirements,Removed primary_tool_id field from accounts table; Updated extended fields section to compact format; Added plans table for tool subscriptions,✅ Schema refined and optimized; ✅ Unnecessary fields removed; ✅ Missing tables added
2025-11-20,Development,DEV,Team,Code Cleanup and Configuration Centralization,TSK,TSK-DEV-2025-11-20-001,Medium,Completed,1.5,95,Improve code maintainability by cleaning up unused code and centralizing configuration,"Added `.cursor/` directory to .gitignore; Audited VITE_API_SECRET usage (found unused, removed); Removed VITE_API_SECRET from codebase and documentation",✅ .cursor/ directory properly ignored; ✅ Unused VITE_API_SECRET removed; ✅ All environment variables centralized through config files
2025-11-20,Development,DEV,Team,lead_gen_analytics Bug Fixes,TSK,TSK-DEV-2025-11-20-002,High,Completed,2.0,95,Fix runtime errors preventing dashboard from loading correctly,Fixed MS_PER_DAY undefined error by defining constant at module level; Fixed number formatter error by correcting Intl.NumberFormat options; Fixed ModuleNotFoundError in update_data.py by adding sys.path manipulation,✅ All runtime errors resolved; ✅ Dashboard loads without ReferenceError or ModuleNotFoundError; ✅ Script works in both local and CI environments
2025-11-20,Development,DEV,Team,UI Enhancement - Hover Effects,TSK,TSK-DEV-2025-11-20-003,Medium,Completed,1.0,90,Improve user experience with interactive hover effects on tables and charts,"Added hover effects for all tables (summary, matrix, segmentation); Added border highlighting, background color changes, cell border highlighting; Added hover effects for chart cards with animated borders and shadows",✅ Tables provide visual feedback on hover; ✅ Chart cards have interactive hover states; ✅ Theme-aware styling applied
2025-11-20,Development,DEV,Team,Antigravity IDE Analysis,TSK,TSK-DEV-2025-11-20-004,Low,Completed,0.5,90,Evaluate Antigravity IDE as potential alternative to Cursor,Downloaded and installed Antigravity IDE; Tested basic functionality and workflow; Tested on actual project codebase,"✅ Antigravity has more polished interface; ✅ Faster code generation and response times; ✅ Different approach (shows only new code, not old context)"
2025-11-20,Development,DEV,Team,SSH Authentication Setup,TSK,TSK-DEV-2025-11-20-005,Low,Completed,0.5,95,Set up SSH authentication for GitHub to improve workflow efficiency,Generated SSH key pair using ssh-keygen; Added public key to GitHub account; Tested SSH connection to GitHub repositories,✅ SSH key pair generated; ✅ Public key added to GitHub; ✅ SSH connection working correctly
2025-11-20,Development,DEV,Team,upload_crms OAuth Implementation,TSK,TSK-DEV-2025-11-20-006,High,Completed,1.0,90,Fix Google OAuth login in upload_crms application,Added service parameter to Google OAuth request; Updated loginWithGoogle to include SERVICE_NAME from config; Modified useAuth and OAuthCallback to use SERVICE_NAME from config,✅ Frontend properly sends service parameter; ✅ Code centralized using SERVICE_NAME from config; ✅ Identified backend configuration issue (500 error from Auth service)
2025-11-20,Development,DEV,Team,Dashboard/Courses UI Improvements,TSK,TSK-DEV-2025-11-20-007,High,Completed,4.0,85,Fix course criteria UI issues and implement HTML parsing,"Fixed course/lesson image positioning; Improved spacing and responsive behavior; Removed gradient from sidebar button, applied standard button component",✅ Image positioning fixed; ✅ Responsive behavior improved; ✅ HTML content properly parsed and styled
2025-11-20,Design,DGN,Team,Game Academy Course Covers Delivery,TSK,TSK-DGN-2025-11-20-001,High,Completed,2.0,95,Complete all Game Academy course covers with correct dimensions and upload to Academy site,"Finished all course covers (correct dimensions, renamed files); Confirmed with team lead that covers met requirements; Uploaded covers and updated prompts/links in Google sheet",✅ All course covers delivered and uploaded; ✅ Google sheet updated with prompts and links; ✅ Academy site assets replaced
2025-11-20,Design,DGN,Team,Client Interview Preparation and Participation,TSK,TSK-DGN-2025-11-20-002,High,Completed,3.0,90,Prepare team for client interview for SMM/Graphic Designer position,Team meeting to review portfolios; Identified relevant work samples for each designer; Added missing projects to Google Drive portfolios,✅ Portfolios organized and ready; ✅ Client interview completed successfully; ✅ New assignment received post-interview
2025-11-20,Design,DGN,Team,Black Friday Banner Generation,TSK,TSK-DGN-2025-11-20-003,High,Completed,4.0,85,Create Black Friday banners for LinkedIn Remote Helpers promotion,Generated initial banner using AI (ChatGPT/Claude); Applied design system and brand guidelines; Created multiple variations (with/without mascots),✅ Multiple banner versions created; ✅ Design system applied consistently; ✅ Prompts documented for reuse
2025-11-20,Design,DGN,Team,Course Visual Materials Creation (Module 1),TSK,TSK-DGN-2025-11-20-004,High,Completed,9.0,95,Create comprehensive visual materials for course Module 1,"Generated 10-12 high-quality images; Prepared illustrations for each lesson (vertical carousels, vertical/horizontal covers); Worked extensively on prompt engineering (formulating, refining, rewriting)",✅ 10-12 high-quality images generated; ✅ Full set of lesson illustrations completed; ✅ Efficient multi-stage image refinement workflow established
2025-11-20,Design,DGN,Team,Runway Animation Instruction Creation,TSK,TSK-DGN-2025-11-20-005,Medium,Completed,2.0,90,"Create short, universal instruction for animating images in Runway","Reviewed existing animation instructions (found in courses, too long); Created short, universal instruction document; Documented quick animation workflow","✅ Short, universal Runway animation instruction created; ✅ Instruction accessible for team use; ✅ Document saved: https://docs.google.com/document/d/1X4shdVZT1eTQw5arqgbD2sJi17fMB61rvR0A7w0xzQ0/edit"
2025-11-20,Design,DGN,Team,Runway Animation Course Creation,TSK,TSK-DGN-2025-11-20-006,Medium,Completed,3.0,90,Convert Runway animation instruction into Game Academy course,"Created course structure (course folder, module folder, lesson folder); Saved lesson text in lesson folder; Generated course description using AI",✅ Course structure created; ✅ Lesson content prepared; ✅ Cover images generated (need format editing)
2025-11-20,Design,DGN,Team,Lead Generator Training Preparation,TSK,TSK-DGN-2025-11-20-007,High,Completed,2.0,85,Prepare to train lead generators on creating Remote Employees social media graphics,"Reviewed instruction document for lead generators; Studied reference materials (UI kit, design guidelines, mascot references, existing posts); Reviewed Remote Employees site and Figma file with old posts",✅ Instruction document reviewed; ✅ All materials studied; ✅ Explanation outline prepared
2025-11-20,Design,DGN,Team,Antigravity Installation and Setup,TSK,TSK-DGN-2025-11-20-008,Medium,Completed,1.0,95,Install and configure Antigravity IDE for Design department,Installed Antigravity (Google's IDE); Connected to Dropbox; Installed Claude extension,✅ Antigravity installed and configured; ✅ Claude extension available; ✅ Daily file processing tested (results vary by model used)
2025-11-20,Design,DGN,Team,HTML Course Thumbnail Creation,TSK,TSK-DGN-2025-11-20-009,Medium,Completed,1.0,90,"Create course cover for ""HTML Basics for Beginners: Creating Your First Webpage with Gemini""","Generated square image with mascot using AI; Opened working Figma file; Manually configured image (solid color background on left, mascot on right)",✅ Course thumbnail completed; ✅ Professional mascot layout achieved; ✅ File uploaded to shared folder
2025-11-20,Design,DGN,Team,Course Module Images and Animation,TSK,TSK-DGN-2025-11-20-010,Medium,Completed,3.0,90,Create course module images at correct sizes plus animation,Crafted prompts in Gemini (better descriptive text); Generated images in ChatGPT (preferred output despite slower performance); Created animation for module,✅ Course module images created; ✅ Animation created; ✅ Assets at correct sizes
2025-11-20,Finance,FNC,Team,Employee Working Hours Verification,TSK,TSK-FNC-2025-11-20-001,High,Completed,2.0,95,Verify employee working hours and identify discrepancies with CRM tracking,Reviewed employee working hours spreadsheet; Identified CRM tracking issues (CRM was down on 19.11 evening); Found many tracker discrepancies due to CRM downtime,✅ Employee hours verified; ✅ CRM discrepancies identified and documented; ✅ Call records and time off records added
2025-11-20,Finance,FNC,Team,December 2025 Financial Processing Sheet Preparation Plan,TSK,TSK-FNC-2025-11-20-002,High,Completed,3.0,95,Create comprehensive plan for December 2025 financial processing sheet creation,"Documented 15-step process for creating December 2025 sheet; Outlined data cleanup requirements (remove terminated employees, finished projects); Planned formula updates and data validation",✅ Complete 15-step process documented; ✅ All data cleanup requirements identified; ✅ Formula update requirements documented
2025-11-20,Finance,FNC,Team,n8n Automation Workflow Design,TSK,TSK-FNC-2025-11-20-003,Medium,Completed,2.0,90,Design automation workflow to process employee data from Google Sheets and upload to Dropbox,Designed 6-step n8n workflow:,✅ Complete workflow design documented; ✅ Step-by-step instructions created; ✅ JavaScript code for markdown conversion ready
2025-11-20,HR,HRM,Team,Interview Checklist Creation,TSK,TSK-HRM-2025-11-20-001,High,Completed,1.0,95,Create standardized interview checklist for consistent candidate evaluation,Created interview checklist template; Prepared checklist for conducting interviews; Designed checklist to ensure comprehensive candidate evaluation,"✅ Interview checklist created and ready; ✅ Standardized evaluation process established; **Impact:** Improved interview consistency, better candidate evaluation"
2025-11-20,HR,HRM,Team,Candidate Interviews,TSK,TSK-HRM-2025-11-20-002,High,Completed,4.0,95,Conduct candidate interviews and evaluate suitability,Conducted 4 candidate interviews; Used interview checklist during interviews; Evaluated candidates based on criteria,✅ 4 interviews completed; ✅ Candidates evaluated using checklist; ✅ Interview statistics created
2025-11-20,HR,HRM,Team,Candidate Approval and Transfer,TSK,TSK-HRM-2025-11-20-003,High,Completed,1.0,95,Process approved candidates and transfer to next stage,Completed interview checklist fully; Transferred approved candidates; Transferred candidates approved for pre-sale,✅ Approved candidates transferred to next stage; ✅ Pre-sale approved candidates transferred; ✅ Interview checklist fully completed
2025-11-20,HR,HRM,Team,Contract Sending,TSK,TSK-HRM-2025-11-20-004,High,Completed,1.0,95,Send contracts to approved candidates,Sent contracts to all candidates; Sent contracts to approved candidates; **Results:**,"✅ Contracts sent to all relevant candidates; **Impact:** Onboarding process initiated, candidates can proceed with contract signing"
2025-11-20,HR,HRM,Team,Employee Day-Off Request Processing,TSK,TSK-HRM-2025-11-20-005,Medium,Completed,0.5,90,Process employee day-off request and coordinate with manager,"Discussed day-off request with Artem Skichko (wanted Thursday off, work Saturday instead); Consulted with Olya Stimlin (Artem's manager) about tasks; Verified if Artem has tasks to confirm he's working",✅ Day-off request processed; ✅ Manager consulted; ✅ Unpaid leave approved for next Thursday
2025-11-20,Lead Generation,LGN,Team,Lead Generation - Job Sites and CRM,TSK,TSK-LGN-2025-11-20-001,High,Completed,4.0,90,Generate new leads through job sites and add to CRM,Worked with job sites; Added new leads to CRM; Created new leads,"✅ 18 new leads created; ✅ 8 new leads connected; **Impact:** Pipeline expanded, new opportunities identified"
2025-11-20,Lead Generation,LGN,Team,Follow-Up Messages,TSK,TSK-LGN-2025-11-20-002,High,Completed,2.0,90,Follow up with existing leads and old connections,Reviewed and replied to messages received yesterday; Worked with old connections; Sent follow-up messages,"✅ 51 follow-up messages sent; **Impact:** Maintained engagement with pipeline, improved conversion potential"
2025-11-20,Lead Generation,LGN,Team,Website Streaming and Account Management,TSK,TSK-LGN-2025-11-20-003,Medium,Completed,2.0,85,Maintain website streaming and manage work accounts,Logged into website; Confirmed all work accounts active; Initiated daily 2-hour live stream block,✅ Stream live and ready; ✅ Accounts checked and managed; ✅ Messages responded to
2025-11-20,Lead Generation,LGN,Team,Job Sites and Pipeline Building,TSK,TSK-LGN-2025-11-20-004,High,Completed,1.0,90,Build pipeline through job sites and CRM,Focused on job sites; Created new company cards for fresh leads; Sent connection requests to target contacts,✅ New company cards created; ✅ Connection requests sent; ✅ CRM updated
2025-11-20,Lead Generation,LGN,Team,Lead Generation Training,TSK,TSK-LGN-2025-11-20-005,Medium,Completed,2.0,85,Train team on lead generation best practices,Conducted training session on follow-up strategies; Shared message templates and best practices; Demonstrated working with old connections,✅ Training session completed; ✅ Best practices shared; ✅ Message templates provided
2025-11-20,Sales,SLS,Team,Daily Tasks Completion,TSK,TSK-SLS-2025-11-20-001,High,Completed,4.0,85,Complete daily sales tasks and activities,Completed daily tasks; Maintained sales activities; Stayed active in Discord,✅ Daily tasks completed; ✅ Sales activities maintained; **Impact:** Sales operations running smoothly
2025-11-20,Sales,SLS,Team,Tomorrow's Priorities Planning,TSK,TSK-SLS-2025-11-20-002,Medium,Completed,1.0,90,Plan priorities for tomorrow,Planned Antigravity setup; Planned sales lead follow-up; Planned daily log updates,"✅ Tomorrow's priorities planned; ✅ Action items identified; **Impact:** Clear priorities for tomorrow, better planning"
2025-11-20,Video,VID,Team,Video Animation Work,TSK,TSK-VID-2025-11-20-001,High,Completed,4.0,85,Create video animations for client projects,Worked on animation generation; Used Runway for animation; Coordinated with team on animation workflow,"✅ Animation work completed; ✅ Animations generated and processed; **Impact:** Client deliverables completed, video production maintained"
2025-11-20,Video,VID,Team,Portfolio Organization,TSK,TSK-VID-2025-11-20-002,Medium,Completed,2.0,90,Organize video editor portfolio folders on Google Drive,Created portfolio folder for video editors on ODD (admin account); Coordinated folder location with team; Resolved Google Drive display issues,✅ Portfolio folder created and organized; ✅ Team coordinated on folder location; ✅ Google Drive issues resolved
2025-11-20,Video,VID,Team,Team Coordination,TSK,TSK-VID-2025-11-20-003,Medium,Completed,1.0,85,Coordinate with team on portfolio and workflow,Discussed portfolio folder locations; Coordinated on Google Drive organization; Resolved file display issues,"✅ Team coordinated; ✅ Portfolio organization agreed upon; **Impact:** Better team coordination, improved workflow"
